﻿pos_x,pos_y,rotation,side,designator,mpn,pack,footprint,value,mount_type
144.425,-135.175,0.0,bottom,A701,,,RaspberryPi_Pico_SMD_HandSolder,RaspberryPi_Pico_W,smt
165.0,-89.5,180.0,top,BT701,,,AMASS_XT60-M_1x02_P7.20mm_Vertical,Battery_Cell,tht
138.5,-64.0,180.0,top,BT702,,,BatteryHolder_Keystone_3034_1x20mm,Battery_Cell,smt
143.5,-132.75,0.0,top,C701,,,C_0402_1005Metric_Pad0.74x0.62mm_HandSolder,"4,7uF",smt
143.0,-145.3,-90.0,top,C702,,,C_0402_1005Metric_Pad0.74x0.62mm_HandSolder,3.3nF,smt
144.6825,-134.5,0.0,top,C703,,,C_0402_1005Metric_Pad0.74x0.62mm_HandSolder,1uF,smt
141.25,-134.5,180.0,top,C704,,,C_0402_1005Metric_Pad0.74x0.62mm_HandSolder,1uF,smt
139.9325,-141.75,180.0,top,C705,,,C_0402_1005Metric_Pad0.74x0.62mm_HandSolder,1uF,smt
139.9325,-137.5,180.0,top,C706,,,C_0402_1005Metric_Pad0.74x0.62mm_HandSolder,1uF,smt
158.75,-136.95,-90.0,top,C707,,,C_1206_3216Metric_Pad1.33x1.80mm_HandSolder,47uF,smt
152.15,-145.15,-90.0,top,C709,,,CAPMP7343X430N,330uF,smt
138.75,-78.13288,90.0,top,C710,,,C_0402_1005Metric_Pad0.74x0.62mm_HandSolder,100nF,smt
140.0,-78.13288,90.0,top,C711,,,C_0402_1005Metric_Pad0.74x0.62mm_HandSolder,100nF,smt
148.25,-80.75,90.0,top,C712,,,C_0402_1005Metric_Pad0.74x0.62mm_HandSolder,100nF,smt
138.5,-93.5,180.0,top,C713,,,C_0402_1005Metric_Pad0.74x0.62mm_HandSolder,10uF,smt
141.0,-81.9,90.0,top,C714,,,C_0402_1005Metric_Pad0.74x0.62mm_HandSolder,100nF,smt
138.55,-85.0,180.0,top,C715,,,C_0402_1005Metric_Pad0.74x0.62mm_HandSolder,10uF,smt
144.0,-91.5675,-90.0,top,C716,,,C_0402_1005Metric_Pad0.74x0.62mm_HandSolder,100nF,smt
147.1,-88.1825,90.0,top,C717,,,C_0402_1005Metric_Pad0.74x0.62mm_HandSolder,100nF,smt
145.5,-91.5675,-90.0,top,C718,,,C_0402_1005Metric_Pad0.74x0.62mm_HandSolder,100nF,smt
148.15,-88.2,90.0,top,C719,,,C_0402_1005Metric_Pad0.74x0.62mm_HandSolder,100nF,smt
145.0,-138.5,-90.0,top,IC701,,,QFN-20,LT8622S,smt
164.46,-158.74,180.0,top,J701,,,PinSocket_2x20_P2.54mm_Vertical,Raspberry_Pi_4,tht
130.58,-158.5,-90.0,top,J702,,,PinHeader_1x03_P2.54mm_Horizontal,Conn_01x03,tht
168.775,-63.525,0.0,top,J703,,,U.FL_Hirose_U.FL-R-SMT-1_Vertical,Conn_Coaxial,smt
128.0,-82.5,180.0,top,J704,,,PinHeader_1x04_P2.54mm_Horizontal,Conn_01x04,tht
173.0,-62.69,0.0,top,J705,,,PinHeader_1x04_P2.54mm_Horizontal,Conn_01x04,tht
173.0,-75.19,0.0,top,J706,,,PinHeader_1x04_P2.54mm_Horizontal,Conn_01x04,tht
173.0,-138.19,0.0,top,J707,,,PinHeader_1x04_P2.54mm_Horizontal,Conn_01x04,tht
173.0,-151.0,0.0,top,J708,,,PinHeader_1x04_P2.54mm_Horizontal,Conn_01x04,tht
128.0,-147.5,180.0,top,J709,,,PinHeader_1x04_P2.54mm_Horizontal,Conn_01x04,tht
128.0,-93.5,180.0,top,J710,,,PinHeader_1x03_P2.54mm_Horizontal,Conn_01x03,tht
126.4,-103.0,90.0,top,J711,,,ESC_Power_Pad_01x02,Conn_01x02,smt
174.6,-102.97,90.0,top,J712,,,ESC_Power_Pad_01x02,Conn_01x02,smt
173.0,-87.5,0.0,top,J713,,,PinHeader_1x03_P2.54mm_Horizontal,Conn_01x03,tht
174.6,-118.5,90.0,top,J714,,,ESC_Power_Pad_01x02,Conn_01x02,smt
173.0,-127.96,0.0,top,J715,,,PinHeader_1x03_P2.54mm_Horizontal,Conn_01x03,tht
126.4,-118.54,90.0,top,J716,,,ESC_Power_Pad_01x02,Conn_01x02,smt
128.0,-133.5,180.0,top,J717,,,PinHeader_1x03_P2.54mm_Horizontal,Conn_01x03,tht
140.65,-103.0,90.0,top,J718,,,aRGB_LED_PAD_CONN,Conn_01x03,smt
156.6,-102.95,90.0,top,J719,,,aRGB_LED_PAD_CONN,Conn_01x03,smt
163.55,-102.9,90.0,top,J720,,,aRGB_LED_PAD_CONN,Conn_01x03,smt
133.8,-103.0,90.0,top,J721,,,aRGB_LED_PAD_CONN,Conn_01x03,smt
152.23,-135.0,0.0,top,L701,,,L_Coilcraft_XAL6060-XXX,2.2uH,smt
155.7,-140.9,-90.0,top,L702,,,L_0603_1608Metric_Pad1.05x0.95mm_HandSolder,"3A, 30mOhm",smt
145.0,-129.75,0.0,top,R701,,,R_0402_1005Metric_Pad0.72x0.64mm_HandSolder,47k,smt
148.5,-129.75,0.0,top,R702,,,R_0402_1005Metric_Pad0.72x0.64mm_HandSolder,10k,smt
143.0,-142.8,-90.0,top,R703,,,R_0402_1005Metric_Pad0.72x0.64mm_HandSolder,1.5k,smt
139.9025,-140.25,180.0,top,R704,,,R_0402_1005Metric_Pad0.72x0.64mm_HandSolder,49.9k,smt
141.1525,-136.0,180.0,top,R705,,,R_0402_1005Metric_Pad0.72x0.64mm_HandSolder,33,smt
146.9,-142.7975,-90.0,top,R706,,,R_0402_1005Metric_Pad0.72x0.64mm_HandSolder,47k,smt
144.8,-142.8025,-90.0,top,R707,,,R_0402_1005Metric_Pad0.72x0.64mm_HandSolder,22k,smt
144.8,-145.2975,-90.0,top,R708,,,R_0402_1005Metric_Pad0.72x0.64mm_HandSolder,430k,smt
144.8,-147.7975,-90.0,top,R709,,,R_0402_1005Metric_Pad0.72x0.64mm_HandSolder,49.9k,smt
148.25,-83.3475,-90.0,top,R710,,,R_0402_1005Metric_Pad0.72x0.64mm_HandSolder,10k,smt
150.1525,-72.0,0.0,top,R711,,,R_0402_1005Metric_Pad0.72x0.64mm_HandSolder,33,smt
150.1525,-73.25,0.0,top,R712,,,R_0402_1005Metric_Pad0.72x0.64mm_HandSolder,33,smt
153.0975,-59.25,0.0,top,R713,,,R_0402_1005Metric_Pad0.72x0.64mm_HandSolder,10k,smt
148.0,-118.5,180.0,top,R714,,,R_0402_1005Metric_Pad0.72x0.64mm_HandSolder,33,smt
148.0025,-121.3,180.0,top,R715,,,R_0402_1005Metric_Pad0.72x0.64mm_HandSolder,33,smt
135.7,-77.675,90.0,top,U701,,,Bosch_LGA-8_2x2.5mm_P0.65mm_ClockwisePinNumbering,BMP280,smt
144.5,-81.675,0.0,top,U702,,,SSOP-8_2.95x2.8mm_P0.65mm,TXS0102DCT,smt
136.0,-89.25,180.0,top,U703,,,SOT-223-3_TabPin2,LT1963AxST-1.8,smt
144.5,-87.75,0.0,top,U704,,,InvenSense_QFN-24_3x3mm_P0.4mm,ICM-20948,smt
159.0,-69.5,180.0,top,U705,,,ublox_NEO,NEO-M8N,smt
