﻿Designator,Quantity,Value,Footprint,Package,MPN,DNP,Mount_Type,Description,DigiKey,Manufacturer,PN,Voltage
BT701,1,Battery_Cell,AMASS_XT60-M_1x02_P7.20mm_Vertical,,,Yes,tht,Single-cell battery,1738-1437-ND,DFRobot,1738-1437-ND,
BT702,1,Battery_Cell,BatteryHolder_Keystone_3034_1x20mm,,,,smt,Single-cell battery,36-3034-ND,Keystone Electronics,3034,
C701,1,"4,7uF",C_0402_1005Metric_Pad0.74x0.62mm_HandSolder,,,,smt,Unpolarized capacitor,490-GRM155C61E475ME15DCT-ND,Murata Electronics,GRM155C61E475ME15D,25V
C702,1,3.3nF,C_0402_1005Metric_Pad0.74x0.62mm_HandSolder,,,,smt,Unpolarized capacitor,,,,
"C703, C704, C705, C706",4,1uF,C_0402_1005Metric_Pad0.74x0.62mm_HandSolder,,,,smt,Unpolarized capacitor,490-GRM155R61H105KE05DCT-ND,Murata Electronics,490-GRM155R61H105KE05DCT-ND,50V
C707,1,47uF,C_1206_3216Metric_Pad1.33x1.80mm_HandSolder,,,,smt,Unpolarized capacitor,445-8047-1-ND,TDK Corporation,C3216X5R1E476M160AC,
C709,1,330uF,CAPMP7343X430N,,,,smt,Polarized capacitor,,,,
"C710, C711, C712, C714, C716, C717, C718, C719",8,100nF,C_0402_1005Metric_Pad0.74x0.62mm_HandSolder,,,,smt,Unpolarized capacitor,,,,
"C713, C715",2,10uF,C_0402_1005Metric_Pad0.74x0.62mm_HandSolder,,,,smt,Unpolarized capacitor,,,,
IC701,1,LT8622S,QFN-20,,,,smt,"18v, 2A/4A Step-down silent switcher 3 with ultralow noise reference",505-LT8622SAV#PBF-ND,Analog Devices Inc.,LT8622SAV#PBF,
J703,1,Conn_Coaxial,U.FL_Hirose_U.FL-R-SMT-1_Vertical,,,,smt,"coaxial connector (BNC, SMA, SMB, SMC, Cinch/RCA, LEMO, ...)",26-U.FL-R-SMT-1(60)CT-ND,Hirose Electric Co Ltd,U.FL-R-SMT-1(60),
"J711, J712, J714, J716",4,Conn_01x02,ESC_Power_Pad_01x02,,,,smt,"Generic connector, single row, 01x02, script generated (kicad-library-utils/schlib/autogen/connector/)",,,,
"J718, J719, J720, J721",4,Conn_01x03,aRGB_LED_PAD_CONN,,,,smt,"Generic connector, single row, 01x03, script generated (kicad-library-utils/schlib/autogen/connector/)",,,,
L701,1,2.2uH,L_Coilcraft_XAL6060-XXX,,,,smt,Inductor,4044-CSEG0660-2R2MCT-ND,CODACA,CSEG0660-2R2M,
L702,1,"3A, 30mOhm",L_0603_1608Metric_Pad1.05x0.95mm_HandSolder,,,,smt,Inductor,490-5254-1-ND,Murata Electronics,BLM18KG121TN1D,
"R701, R706",2,47k,R_0402_1005Metric_Pad0.72x0.64mm_HandSolder,,,,smt,Resistor,,,,
"R702, R710, R713",3,10k,R_0402_1005Metric_Pad0.72x0.64mm_HandSolder,,,,smt,Resistor,,,,
R703,1,1.5k,R_0402_1005Metric_Pad0.72x0.64mm_HandSolder,,,,smt,Resistor,,,,
"R704, R709",2,49.9k,R_0402_1005Metric_Pad0.72x0.64mm_HandSolder,,,,smt,Resistor,,,,
"R705, R711, R712, R714, R715",5,33,R_0402_1005Metric_Pad0.72x0.64mm_HandSolder,,,,smt,Resistor,,,,
R707,1,22k,R_0402_1005Metric_Pad0.72x0.64mm_HandSolder,,,,smt,Resistor,,,,
R708,1,430k,R_0402_1005Metric_Pad0.72x0.64mm_HandSolder,,,,smt,Resistor,,,,
U701,1,BMP280,Bosch_LGA-8_2x2.5mm_P0.65mm_ClockwisePinNumbering,,,,smt,"Absolute Barometric Pressure Sensor, LGA-8",828-1064-2-ND,Bosch Sensortec,BMP280,
U702,1,TXS0102DCT,SSOP-8_2.95x2.8mm_P0.65mm,,,,smt,"2-Bit Bidirectional Voltage-Level Shifter for Open-Drain and Push-Pull Application, SSOP-8",296-TXS0102DCTRCT-ND,Texas Instruments,TXS0102DCTR,
U703,1,LT1963AxST-1.8,SOT-223-3_TabPin2,,,,smt,"1.8V, 1.5A, Low Noise, Fast Transient Response LDO Regulator, SOT-223",505-LT1963AEST-1.8#TRPBFTR-ND,Analog Devices Inc.,LT1963AEST-1.8#WPBF,
U704,1,ICM-20948,InvenSense_QFN-24_3x3mm_P0.4mm,,,,smt,"InvenSense 9-Axis Motion Sensor, Accelerometer, Gyroscope, Compass, I2C/SPI, QFN-24",1428-1123-1-ND,TDK InvenSense,ICM-20948,
